,1,2,3,4,5,6,7,8,9,10,11,12,13,14,15,16,17,18,19,20,21,22,23,24,25,26,27,28,29,30
NurseA,ª,off,º,ª,ª,º,ª,ª,º,º,ª,off,ª,ª,ª,ª/º,ª,º,ª,´,´,´,º,º,´,´,off,´,´,´
NurseB,´,´,off,º,ª,ª,ª,ª,´,´,ª,´,ª,º,ª,off,º,off,´,º,º,ª,´,ª,º,ª/º,º,ª,ª,ª
NurseC,ª,º,ª,´,º,ª,º,´,off,off,º,´,´,º,ª,º,ª,´,º,ª,´,´,ª,ª,ª,off,ª,ª,ª,off
NurseD,ª,´,º,ª,´,º,ª,º,ª,´,´,º,off,´,´,off,off,´,ª,ª,ª,ª,ª,off,ª,ª,ª,º,º,º
NurseE,º,ª,ª,ª,´,´,off,ª,ª,ª,ª,ª,º,º,º,ª,´,ª/º,ª,ª,º,º,º,off,off,´,´,off,´,´
NurseF,º,ª,´,´,º,off,º,ª,´,´,º,ª,´,´,´,off,´,ª,ª,ª,ª,ª,ª,ª,ª,º,º,ª,º,º
NurseG,º,ª,´,º,ª,´,´,off,ª,ª,off,º,ª,´,´,º,ª,´,´,´,ª,ª,º,ª,ª,ª,ª,º,º,ª
NurseH,ª,º,ª,º,ª,º,ª,º,ª,ª,ª,´,ª,off,º,ª,ª,ª,º,ª,off,º,off,´,º,´,´,´,´,´
NurseI,´,ª,ª,ª,ª,´,´,´,´,º,´,º,º,ª,off,off,´,º,º,º,º,´,ª,ª,ª,ª,ª,off,ª,ª
NurseJ,´,º,´,off,´,ª,´,ª,º,ª,º,ª,´,ª,ª,´,º,off,off,´,ª,ª,ª,º,º,º,ª,ª/º,ª,ª
NurseK,off,´,º,ª,º,ª,ª,º,ª,º,´,ª,º,ª,ª,ª,ª,ª,ª,º,ª,off,´,´,´,off,´,´,off,º
NurseL,ª,ª,ª,´,off,ª,º,´,º,ª,ª,ª,ª,ª,º,´,º,off,´,off,´,º,´,º,´,ª,º,ª,ª,ª
