,1,2,3,4,5,6,7,8,9,10,11,12,13,14,15,16,17,18,19,20,21,22,23,24,25,26,27,28,29,30,31
0,ช,off,ช,ช,ช,off,off,ช,ช,ช,off,ช,off,off,ช,ช,ช,ช,ช,off,off,ช,ช,ช,ช,ช,off,off,ช,off,ช
1,ช,ช,ช,ช,ช,off,off,ช,ช,off,off,ช,off,off,ช,ช,ช,ช,ช,off,off,ช,ช,ช,ช,ช,off,off,ช,ช,off
2,ช,ช,ช/บ,ช,ด,ด,off,off,ช,ช/บ,ช,บ,ช,off,ช/บ,ช,ด,ด,ด,ด,ด/บ,off,off,off,off,off,off,ด,off,off,ช/บ
3,off,off,ด,off,off,ด/บ,off,ด,ด/บ,off,ช,ช,ช/บ,ช,ด,ด/บ,off,ด,off,ช,off,ช,ช,ด,ด/บ,off,ช,ช,ช/บ,ช/บ,off
4,ด,ด,off,ด/บ,off,ช,off,ด,off,ช/บ,ช/บ,off,off,ด,off,ช/บ,ช,ช/บ,ช,ช/บ,off,ช,ช/บ,ช,ด,off,ด/บ,off,ด/บ,off,ด
5,ช/บ,ช,ด,off,ด/บ,off,ด,off,off,ด,ด,ด,ด/บ,off,ช/บ,off,ด,off,ช/บ,off,ช,ช/บ,บ,ช/บ,ช/บ,off,ช,ช,off,ช,off
6,ด,ด,off,off,off,ช/บ,ช/บ,ช/บ,ช,off,ช,ด,off,ช/บ,off,off,ช/บ,off,off,ด,off,ด,ด,ด,ด,ด/บ,off,ช/บ,ช/บ,ช,ช/บ
7,off,ด/บ,off,ด,ด,off,ช/บ,ช/บ,off,ช/บ,ช/บ,ช,ด,off,off,ช,ด/บ,off,ด,off,ช/บ,ช/บ,ช/บ,off,ช,ด,off,off,ช,ด,ด
8,off,ช,ด/บ,off,ช/บ,ช,ช,ช/บ,ช/บ,ช,off,ช/บ,ช,ด,ด,ด/บ,off,ด/บ,off,ช,off,off,off,ช/บ,off,ด/บ,off,off,ด,ด,ด
9,ช/บ,ช/บ,ช/บ,ช/บ,ช/บ,ช,off,off,off,ด,ด/บ,off,off,ช,ด,ด,off,off,ช,off,ด,ด,ด,ด,off,ช/บ,ช,ด/บ,off,off,ช/บ
10,ด/บ,บ,off,ด/บ,off,off,ช,ช,ด/บ,off,ด,ด/บ,off,off,ช,off,ช/บ,ช,ด/บ,off,ช,off,ด,บ,off,ช,ช,ช,off,ช/บ,ช
11,off,off,ช,ช,ช,off,ด,ด,ด,ด,off,off,ช,ช/บ,ช/บ,off,off,ช/บ,บ,ช/บ,ช,ด/บ,off,off,ช/บ,ช,ด/บ,off,ด,ด/บ,off
