,1,2,3,4,5,6,7,8,9,10,11,12,13,14,15,16,17,18,19,20,21,22,23,24,25,26,27,28,29,30,31
0,ช,off,ช,ช,off,off,off,ช,off,ช,ช,ช,off,off,ช,ช,ช,off,ช,off,off,ช,off,ช,off,ช,off,off,ช,off,ช
1,ช,ช,ช,ช,off,off,off,ช,ช,off,ช,off,off,off,ช,ช,off,ช,ช,off,off,off,ช,off,ช,ช,off,off,ช,ช,off
2,ด,ด,off,ด,ด,off,ด,ด,ด/บ,บ,ช,ช,ช/บ,บ,บ,ช,ช,ด,ด,บ,ช,ช,off,off,off,ช/บ,ช,ช,ช,ช/บ,ช/บ
3,off,บ,ช/บ,off,ช,ช,off,ช,ช,ช,ช,ด,off,ช,ช,off,ด,บ,ช/บ,ช,ช,ด,ด,ด,ด/บ,บ,บ,ช,ด,ด,ด
4,บ,ช,บ,บ,ช,ด,off,off,off,ด,ด/บ,บ,ช,ช,off,ด,ด,ด,off,ช,ช,ช/บ,ช/บ,บ,ช,ช,ช,ช,ด,บ,ช
5,ช,ช,ด,บ,ช,ช,ช,บ,บ,ช,ช,ด,ด,off,ด,ด,off,ช,ช/บ,ช,ช,ช/บ,ช,ด,ด/บ,off,off,ด/บ,off,ด,บ
6,off,ช/บ,ช,ช,ช/บ,ช,ช,ช/บ,ช,บ,off,ช/บ,ช,ด,off,บ,ช/บ,บ,ช,off,ด,ด,ด,ด,off,ด,บ,ช,ด,ด,ด
7,ช/บ,ช,บ,บ,ช,off,ด,ด,ด,ด,ด,บ,ช,ช,ช,ด,บ,ช,off,off,บ,ช,ด/บ,off,ช,ช,ช,ด,off,ช/บ,ช
8,ช/บ,บ,ช,ช,ด,ด/บ,บ,ช,ช,ด,ด,ด,ด/บ,off,ด/บ,บ,ช,ช,ด,ด,off,off,บ,ช/บ,ช,off,ช,ช,off,ช,ช
9,off,ช,ช,ช,ด,บ,ช,บ,ช,ช,off,ช,ช,ด/บ,off,ช,ด,ด,ด,ด,ด,ด,off,ช/บ,ช/บ,บ,ช,บ,ช/บ,off,ด
10,ด,ด,ด,ด,บ,ช,ช,ด,ด,บ,ช/บ,off,off,ช,ช/บ,ช,ช,ช/บ,บ,off,บ,ช,ช,ช,ช,ด,ด,off,ช/บ,off,บ
11,ด,ด,ด,ด,บ,ช,บ,ช,ช/บ,ช,บ,ช,off,off,ด,บ,ช/บ,ช,off,ช/บ,ช,ช/บ,ช,ช,ด,ด,ด,off,บ,ช,off
